fixture_id,date,div,season,home_api,away_api,home,away,hy1,hy2,ay1,ay2,hr1,hr2,ar1,ar2,evenimente
1387706,2025-08-15,F1,2025,Rennes,Marseille,Rennes,Marseille,1,1,1,2,1,0,0,0,6
1387705,2025-08-16,F1,2025,Nice,Toulouse,Nice,Toulouse,0,2,0,3,0,0,0,0,5
1387701,2025-08-16,F1,2025,Lens,Lyon,Lens,Lyon,2,0,0,3,0,0,0,0,5
1387703,2025-08-16,F1,2025,Monaco,Le Havre,Monaco,Le Havre,0,0,0,1,0,0,0,0,1
1387704,2025-08-17,F1,2025,Nantes,Paris Saint Germain,Nantes,Paris SG,1,0,0,1,0,0,0,0,2
1387698,2025-08-17,F1,2025,Angers,Paris FC,Angers,Paris FC,1,1,1,0,0,1,0,0,4
1387700,2025-08-17,F1,2025,Stade Brestois 29,Lille,Brest,Lille,2,0,1,0,0,0,0,0,3
1387702,2025-08-17,F1,2025,Metz,Strasbourg,Metz,Strasbourg,0,2,1,1,0,0,0,0,4
1387699,2025-08-17,F1,2025,Auxerre,Lorient,Auxerre,Lorient,0,3,2,0,0,0,0,0,5
1387713,2025-08-22,F1,2025,Paris Saint Germain,Angers,Paris SG,Angers,0,0,0,0,0,0,0,0,10
1387711,2025-08-23,F1,2025,Marseille,Paris FC,Marseille,Paris FC,0,1,0,0,0,0,0,0,1
1387712,2025-08-23,F1,2025,Nice,Auxerre,Nice,Auxerre,1,1,1,1,0,0,1,0,5
1387710,2025-08-23,F1,2025,Lyon,Metz,Lyon,Metz,0,0,0,2,0,0,0,0,2
1387709,2025-08-24,F1,2025,Lorient,Rennes,Lorient,Rennes,3,3,0,0,0,0,2,0,8
1387707,2025-08-24,F1,2025,Le Havre,Lens,Le Havre,Lens,2,1,0,1,0,0,0,0,4
1387715,2025-08-24,F1,2025,Toulouse,Stade Brestois 29,Toulouse,Brest,0,0,0,1,0,0,0,0,1
1387708,2025-08-24,F1,2025,Lille,Monaco,Lille,Monaco,0,1,0,2,0,0,0,0,3
1387714,2025-08-24,F1,2025,Strasbourg,Nantes,Strasbourg,Nantes,0,2,1,1,0,0,0,0,4
1387718,2025-08-29,F1,2025,Lens,Stade Brestois 29,Lens,Brest,0,1,1,2,0,0,0,1,5
1387719,2025-08-30,F1,2025,Lorient,Lille,Lorient,Lille,2,1,1,2,0,0,0,0,6
1387722,2025-08-30,F1,2025,Nantes,Auxerre,Nantes,Auxerre,1,0,1,2,0,0,0,0,4
1387724,2025-08-30,F1,2025,Toulouse,Paris Saint Germain,Toulouse,Paris SG,0,1,0,0,0,0,0,0,1
1387721,2025-08-31,F1,2025,Monaco,Strasbourg,Monaco,Strasbourg,0,2,1,0,0,0,0,1,4
1387720,2025-08-31,F1,2025,Lyon,Marseille,Lyon,Marseille,1,1,1,1,0,0,1,0,5
1387717,2025-08-31,F1,2025,Le Havre,Nice,Le Havre,Nice,0,1,2,2,0,0,0,0,5
1387716,2025-08-31,F1,2025,Angers,Rennes,Angers,Rennes,1,1,2,0,0,0,0,0,4
1387723,2025-08-31,F1,2025,Paris FC,Metz,Paris FC,Metz,0,1,1,0,0,0,0,1,3
1387728,2025-09-12,F1,2025,Marseille,Lorient,Marseille,Lorient,1,2,0,2,0,0,1,0,6
1387730,2025-09-13,F1,2025,Nice,Nantes,Nice,Nantes,1,1,0,0,0,0,0,0,2
1387725,2025-09-13,F1,2025,Auxerre,Monaco,Auxerre,Monaco,0,3,2,4,0,1,0,0,10
1387727,2025-09-14,F1,2025,Lille,Toulouse,Lille,Toulouse,0,2,1,3,0,0,0,1,7
1387729,2025-09-14,F1,2025,Metz,Angers,Metz,Angers,0,0,1,0,0,0,0,0,1
1387726,2025-09-14,F1,2025,Stade Brestois 29,Paris FC,Brest,Paris FC,0,0,1,2,0,0,0,1,4
1387733,2025-09-14,F1,2025,Strasbourg,Le Havre,Strasbourg,Le Havre,1,1,0,2,0,1,0,0,5
1387731,2025-09-14,F1,2025,Paris Saint Germain,Lens,Paris SG,Lens,1,0,2,0,0,0,0,0,3
1387732,2025-09-14,F1,2025,Rennes,Lyon,Rennes,Lyon,1,1,1,1,0,0,0,1,5
1387738,2025-09-19,F1,2025,Lyon,Angers,Lyon,Angers,1,1,2,0,0,0,0,0,4
1387741,2025-09-20,F1,2025,Nantes,Rennes,Nantes,Rennes,2,0,0,2,0,0,0,0,4
1387735,2025-09-20,F1,2025,Stade Brestois 29,Nice,Brest,Nice,0,1,2,1,0,0,0,0,4
1387737,2025-09-20,F1,2025,Lens,Lille,Lens,Lille,0,1,2,1,0,0,0,0,4
1387734,2025-09-21,F1,2025,Auxerre,Toulouse,Auxerre,Toulouse,1,0,0,6,0,1,0,0,8
1387740,2025-09-21,F1,2025,Monaco,Metz,Monaco,Metz,1,0,0,0,0,0,0,0,1
1387742,2025-09-21,F1,2025,Paris FC,Strasbourg,Paris FC,Strasbourg,0,1,1,4,0,0,0,0,6
1387736,2025-09-21,F1,2025,Le Havre,Lorient,Le Havre,Lorient,3,0,2,4,0,0,0,0,9
1387739,2025-09-22,F1,2025,Marseille,Paris Saint Germain,Marseille,Paris SG,1,2,0,1,0,0,0,0,4
1387750,2025-09-26,F1,2025,Strasbourg,Marseille,Strasbourg,Marseille,1,1,4,0,0,0,0,0,6
1387745,2025-09-27,F1,2025,Lorient,Monaco,Lorient,Monaco,0,2,3,0,0,0,1,0,6
1387751,2025-09-27,F1,2025,Toulouse,Nantes,Toulouse,Nantes,0,2,0,3,0,0,0,0,5
1387748,2025-09-27,F1,2025,Paris Saint Germain,Auxerre,Paris SG,Auxerre,0,1,1,1,0,0,0,0,3
1387747,2025-09-28,F1,2025,Nice,Paris FC,Nice,Paris FC,1,0,1,0,0,0,0,0,2
1387746,2025-09-28,F1,2025,Metz,Le Havre,Metz,Le Havre,0,2,1,1,0,0,0,0,4
1387744,2025-09-28,F1,2025,Lille,Lyon,Lille,Lyon,1,3,0,4,0,0,0,0,8
1387743,2025-09-28,F1,2025,Angers,Stade Brestois 29,Angers,Brest,1,0,1,0,0,0,0,0,2
1387749,2025-09-28,F1,2025,Rennes,Lens,Rennes,Lens,0,3,2,1,0,0,1,0,7
1387759,2025-10-03,F1,2025,Paris FC,Lorient,Paris FC,Lorient,0,0,1,2,0,0,0,0,3
1387757,2025-10-04,F1,2025,Metz,Marseille,Metz,Marseille,0,0,0,0,0,0,0,0,12
1387753,2025-10-04,F1,2025,Stade Brestois 29,Nantes,Brest,Nantes,1,1,1,0,0,0,0,0,3
1387752,2025-10-04,F1,2025,Auxerre,Lens,Auxerre,Lens,0,3,1,6,0,0,0,1,11
1387755,2025-10-05,F1,2025,Lille,Paris Saint Germain,Lille,Paris SG,0,1,1,0,0,0,0,0,2
1387758,2025-10-05,F1,2025,Monaco,Nice,Monaco,Nice,0,1,2,1,0,0,1,0,5
1387754,2025-10-05,F1,2025,Le Havre,Rennes,Le Havre,Rennes,1,0,1,1,0,0,0,0,3
1387760,2025-10-05,F1,2025,Strasbourg,Angers,Strasbourg,Angers,1,1,1,1,0,0,0,0,4
1387756,2025-10-05,F1,2025,Lyon,Toulouse,Lyon,Toulouse,0,1,0,3,0,0,0,0,4
1387767,2025-10-17,F1,2025,Paris Saint Germain,Strasbourg,Paris SG,Strasbourg,0,2,0,1,0,0,0,0,3
1387766,2025-10-18,F1,2025,Nice,Lyon,Nice,Lyon,0,1,1,1,0,0,0,0,3
1387761,2025-10-18,F1,2025,Angers,Monaco,Angers,Monaco,0,2,1,1,0,0,0,0,4
1387764,2025-10-18,F1,2025,Marseille,Le Havre,Marseille,Le Havre,0,2,2,0,0,0,1,0,5
1387762,2025-10-19,F1,2025,Lens,Paris FC,Lens,Paris FC,1,1,1,1,0,0,0,0,4
1387763,2025-10-19,F1,2025,Lorient,Stade Brestois 29,Lorient,Brest,0,3,0,2,0,0,0,0,5
1387768,2025-10-19,F1,2025,Rennes,Auxerre,Rennes,Auxerre,0,1,2,1,0,0,0,0,4
1387765,2025-10-19,F1,2025,Nantes,Lille,Nantes,Lille,0,1,1,3,0,0,0,0,5
1387769,2025-10-19,F1,2025,Toulouse,Metz,Toulouse,Metz,1,1,1,0,0,0,1,0,4
1387777,2025-10-24,F1,2025,Paris FC,Nantes,Paris FC,Nantes,1,2,1,1,0,0,0,0,5
1387772,2025-10-25,F1,2025,Stade Brestois 29,Paris Saint Germain,Brest,Paris SG,1,0,1,0,0,0,0,0,2
1387776,2025-10-25,F1,2025,Monaco,Toulouse,Monaco,Toulouse,2,1,1,3,0,0,0,0,7
1387773,2025-10-25,F1,2025,Lens,Marseille,Lens,Marseille,1,2,1,2,0,0,0,0,6
1387770,2025-10-26,F1,2025,Angers,Lorient,Angers,Lorient,0,1,0,0,0,0,0,0,1
1387775,2025-10-26,F1,2025,Lyon,Strasbourg,Lyon,Strasbourg,0,0,0,4,0,0,0,1,5
1387778,2025-10-26,F1,2025,Rennes,Nice,Rennes,Nice,1,4,1,1,0,0,0,0,7
1387774,2025-10-26,F1,2025,Lille,Metz,Lille,Metz,2,1,0,2,0,0,0,0,5
1387771,2025-10-26,F1,2025,Auxerre,Le Havre,Auxerre,Le Havre,1,1,3,0,0,0,0,0,5
1387779,2025-10-29,F1,2025,Le Havre,Stade Brestois 29,Le Havre,Brest,0,1,1,2,0,0,0,0,4
1387780,2025-10-29,F1,2025,Lorient,Paris Saint Germain,Lorient,Paris SG,0,0,0,2,0,0,0,0,2
1387784,2025-10-29,F1,2025,Nice,Lille,Nice,Lille,2,1,1,2,0,0,0,0,6
1387785,2025-10-29,F1,2025,Paris FC,Lyon,Paris FC,Lyon,3,3,1,1,0,1,0,1,10
1387787,2025-10-29,F1,2025,Toulouse,Rennes,Toulouse,Rennes,0,2,1,2,0,0,0,0,5
1387786,2025-10-29,F1,2025,Strasbourg,Auxerre,Strasbourg,Auxerre,0,1,0,1,0,0,0,0,2
1387783,2025-10-29,F1,2025,Nantes,Monaco,Nantes,Monaco,1,2,2,5,0,0,0,0,10
1387781,2025-10-29,F1,2025,Marseille,Angers,Marseille,Angers,0,2,1,0,0,0,0,0,3
1387782,2025-10-29,F1,2025,Metz,Lens,Metz,Lens,1,2,2,0,0,1,0,0,6
1387794,2025-11-01,F1,2025,Paris Saint Germain,Nice,Paris SG,Nice,0,3,1,0,0,0,0,0,4
1387792,2025-11-01,F1,2025,Monaco,Paris FC,Monaco,Paris FC,0,3,1,1,0,0,0,0,5
1387788,2025-11-01,F1,2025,Auxerre,Marseille,Auxerre,Marseille,0,3,4,0,0,1,0,1,9
1387789,2025-11-02,F1,2025,Stade Brestois 29,Lyon,Brest,Lyon,0,1,0,0,0,0,1,0,2
1387793,2025-11-02,F1,2025,Nantes,Metz,Nantes,Metz,0,1,2,1,0,0,0,0,4
1387791,2025-11-02,F1,2025,Lille,Angers,Lille,Angers,0,1,0,0,0,0,0,0,1
1387790,2025-11-02,F1,2025,Lens,Lorient,Lens,Lorient,1,1,1,1,0,0,0,0,4
1387795,2025-11-02,F1,2025,Rennes,Strasbourg,Rennes,Strasbourg,0,1,0,1,0,0,0,0,2
1387796,2025-11-02,F1,2025,Toulouse,Le Havre,Toulouse,Le Havre,0,1,0,2,0,0,0,0,3
1387804,2025-11-07,F1,2025,Paris FC,Rennes,Paris FC,Rennes,0,4,0,2,0,0,0,0,6
1387801,2025-11-08,F1,2025,Marseille,Stade Brestois 29,Marseille,Brest,0,0,1,0,0,0,0,0,1
1387798,2025-11-08,F1,2025,Le Havre,Nantes,Le Havre,Nantes,2,1,1,2,0,0,0,0,6
1387803,2025-11-08,F1,2025,Monaco,Lens,Monaco,Lens,0,1,0,2,1,0,0,0,4
1387800,2025-11-09,F1,2025,Lyon,Paris Saint Germain,Lyon,Paris SG,2,4,1,1,0,1,0,0,9
1387797,2025-11-09,F1,2025,Angers,Auxerre,Angers,Auxerre,0,2,1,1,0,0,0,0,4
1387805,2025-11-09,F1,2025,Strasbourg,Lille,Strasbourg,Lille,2,2,1,2,0,0,0,1,8
1387799,2025-11-09,F1,2025,Lorient,Toulouse,Lorient,Toulouse,0,0,2,2,0,0,0,0,4
1387802,2025-11-09,F1,2025,Metz,Nice,Metz,Nice,0,2,2,2,0,0,0,0,6
1387811,2025-11-21,F1,2025,Nice,Marseille,Nice,Marseille,2,0,2,0,0,0,0,0,4
1387808,2025-11-22,F1,2025,Lens,Strasbourg,Lens,Strasbourg,0,2,1,2,0,1,0,1,7
1387813,2025-11-22,F1,2025,Rennes,Monaco,Rennes,Monaco,0,0,1,0,0,0,0,1,2
1387812,2025-11-22,F1,2025,Paris Saint Germain,Le Havre,Paris SG,Le Havre,0,2,1,0,0,0,0,0,3
1387810,2025-11-23,F1,2025,Nantes,Lorient,Nantes,Lorient,1,0,0,1,0,0,0,0,2
1387809,2025-11-23,F1,2025,Lille,Paris FC,Lille,Paris FC,1,0,0,2,0,0,0,0,3
1387807,2025-11-23,F1,2025,Stade Brestois 29,Metz,Brest,Metz,0,2,0,3,0,0,0,0,5
1387814,2025-11-23,F1,2025,Toulouse,Angers,Toulouse,Angers,0,1,1,2,0,0,0,0,4
1387806,2025-11-23,F1,2025,Auxerre,Lyon,Auxerre,Lyon,1,0,1,2,0,0,0,0,4
1387820,2025-11-28,F1,2025,Metz,Rennes,Metz,Rennes,0,0,0,0,0,0,0,0,10
1387822,2025-11-29,F1,2025,Paris FC,Auxerre,Paris FC,Auxerre,1,1,0,1,0,0,0,0,3
1387819,2025-11-29,F1,2025,Marseille,Toulouse,Marseille,Toulouse,1,1,0,1,0,0,0,0,3
1387821,2025-11-29,F1,2025,Monaco,Paris Saint Germain,Monaco,Paris SG,1,2,1,0,0,1,0,0,5
1387823,2025-11-30,F1,2025,Strasbourg,Stade Brestois 29,Strasbourg,Brest,0,0,1,2,0,0,0,0,3
1387816,2025-11-30,F1,2025,Le Havre,Lille,Le Havre,Lille,0,1,2,1,0,0,0,1,5
1387817,2025-11-30,F1,2025,Lorient,Nice,Lorient,Nice,1,0,0,2,0,0,0,0,3
1387815,2025-11-30,F1,2025,Angers,Lens,Angers,Lens,0,1,0,1,0,0,0,0,2
1387818,2025-11-30,F1,2025,Lyon,Nantes,Lyon,Nantes,0,1,1,1,0,0,1,0,4
1387825,2025-12-05,F1,2025,Stade Brestois 29,Monaco,Brest,Monaco,1,1,2,2,0,1,0,0,7
1387827,2025-12-05,F1,2025,Lille,Marseille,Lille,Marseille,0,1,1,0,0,0,0,0,2
1387829,2025-12-06,F1,2025,Nantes,Lens,Nantes,Lens,0,2,0,0,0,0,0,0,2
1387832,2025-12-06,F1,2025,Toulouse,Strasbourg,Toulouse,Strasbourg,2,1,0,3,0,0,0,0,6
1387831,2025-12-06,F1,2025,Paris Saint Germain,Rennes,Paris SG,Rennes,0,0,0,3,0,0,0,1,4
1387824,2025-12-07,F1,2025,Auxerre,Metz,Auxerre,Metz,1,1,0,1,0,0,0,0,3
1387828,2025-12-07,F1,2025,Lorient,Lyon,Lorient,Lyon,0,2,4,0,0,0,1,0,7
1387830,2025-12-07,F1,2025,Nice,Angers,Nice,Angers,0,1,0,1,0,1,0,0,3
1387826,2025-12-07,F1,2025,Le Havre,Paris FC,Le Havre,Paris FC,0,0,0,2,0,0,0,0,2
1387833,2025-12-12,F1,2025,Angers,Nantes,Angers,Nantes,0,1,1,1,0,0,0,0,3
1387840,2025-12-13,F1,2025,Rennes,Stade Brestois 29,Rennes,Brest,1,1,0,3,0,0,0,0,5
1387838,2025-12-13,F1,2025,Metz,Paris Saint Germain,Metz,Paris SG,1,1,0,1,0,0,0,0,3
1387839,2025-12-13,F1,2025,Paris FC,Toulouse,Paris FC,Toulouse,0,3,1,0,0,0,0,0,4
1387841,2025-12-14,F1,2025,Strasbourg,Lorient,Strasbourg,Lorient,0,1,0,0,0,0,0,0,1
1387837,2025-12-14,F1,2025,Marseille,Monaco,Marseille,Monaco,1,1,0,1,0,0,0,0,3
1387835,2025-12-14,F1,2025,Lens,Nice,Lens,Nice,0,0,1,1,0,0,0,0,2
1387836,2025-12-14,F1,2025,Lyon,Le Havre,Lyon,Le Havre,1,1,1,3,0,0,0,0,6
1387834,2025-12-14,F1,2025,Auxerre,Lille,Auxerre,Lille,1,4,0,2,0,2,1,1,11
1387850,2026-01-02,F1,2025,Toulouse,Lens,Toulouse,Lens,0,2,0,3,1,0,0,0,6
1387847,2026-01-03,F1,2025,Monaco,Lyon,Monaco,Lyon,1,1,1,2,0,1,0,0,6
1387848,2026-01-03,F1,2025,Nice,Strasbourg,Nice,Strasbourg,1,0,1,1,0,0,0,0,3
1387844,2026-01-03,F1,2025,Lille,Rennes,Lille,Rennes,1,0,1,0,1,0,0,0,3
1387846,2026-01-04,F1,2025,Marseille,Nantes,Marseille,Nantes,0,2,1,2,1,1,0,0,7
1387843,2026-01-04,F1,2025,Le Havre,Angers,Le Havre,Angers,0,1,0,1,0,0,0,0,2
1387842,2026-01-04,F1,2025,Stade Brestois 29,Auxerre,Brest,Auxerre,0,3,1,1,0,0,0,0,5
1387845,2026-01-04,F1,2025,Lorient,Metz,Lorient,Metz,0,1,1,1,0,0,0,0,3
1387849,2026-01-04,F1,2025,Paris Saint Germain,Paris FC,Paris SG,Paris FC,0,1,0,0,0,0,0,0,1
1387854,2026-01-16,F1,2025,Monaco,Lorient,Monaco,Lorient,0,1,0,0,0,0,0,0,1
1387856,2026-01-16,F1,2025,Paris Saint Germain,Lille,Paris SG,Lille,0,0,0,1,0,0,0,0,1
1387851,2026-01-17,F1,2025,Angers,Marseille,Angers,Marseille,0,1,0,1,0,0,0,0,2
1387852,2026-01-17,F1,2025,Lens,Auxerre,Lens,Auxerre,1,1,2,3,0,0,0,0,7
1387859,2026-01-17,F1,2025,Toulouse,Nice,Toulouse,Nice,0,1,1,1,0,0,0,0,3
1387858,2026-01-18,F1,2025,Strasbourg,Metz,Strasbourg,Metz,2,0,2,1,0,0,0,0,5
1387857,2026-01-18,F1,2025,Rennes,Le Havre,Rennes,Le Havre,1,0,0,4,0,0,0,0,5
1387855,2026-01-18,F1,2025,Nantes,Paris FC,Nantes,Paris FC,1,0,2,1,0,0,0,0,4
1387853,2026-01-18,F1,2025,Lyon,Stade Brestois 29,Lyon,Brest,0,2,0,0,0,0,1,0,3
1387860,2026-01-23,F1,2025,Auxerre,Paris Saint Germain,Auxerre,Paris SG,0,0,0,1,0,0,0,0,1
1387868,2026-01-24,F1,2025,Rennes,Lorient,Rennes,Lorient,2,0,0,0,0,0,0,0,2
1387862,2026-01-24,F1,2025,Le Havre,Monaco,Le Havre,Monaco,0,0,1,2,0,0,0,0,3
1387864,2026-01-24,F1,2025,Marseille,Lens,Marseille,Lens,0,1,1,2,0,0,0,0,4
1387863,2026-01-25,F1,2025,Lille,Strasbourg,Lille,Strasbourg,1,1,1,1,0,0,0,0,4
1387861,2026-01-25,F1,2025,Stade Brestois 29,Toulouse,Brest,Toulouse,1,1,0,3,0,0,0,0,5
1387867,2026-01-25,F1,2025,Paris FC,Angers,Paris FC,Angers,1,0,0,1,0,0,0,0,2
1387866,2026-01-25,F1,2025,Nantes,Nice,Nantes,Nice,2,1,1,2,0,0,0,0,6
1387865,2026-01-25,F1,2025,Metz,Lyon,Metz,Lyon,0,1,0,0,0,0,0,0,1
1387870,2026-01-30,F1,2025,Lens,Le Havre,Lens,Le Havre,0,1,0,2,0,0,0,0,3
1387875,2026-01-31,F1,2025,Paris FC,Marseille,Paris FC,Marseille,1,0,0,4,0,0,0,0,5
1387871,2026-01-31,F1,2025,Lorient,Nantes,Lorient,Nantes,2,2,0,5,0,0,0,0,9
1387873,2026-01-31,F1,2025,Monaco,Rennes,Monaco,Rennes,1,0,2,0,0,0,0,0,3
1387876,2026-02-01,F1,2025,Strasbourg,Paris Saint Germain,Strasbourg,Paris SG,0,1,0,0,0,0,0,1,2
1387869,2026-02-01,F1,2025,Angers,Metz,Angers,Metz,1,1,1,1,0,0,1,0,5
1387872,2026-02-01,F1,2025,Lyon,Lille,Lyon,Lille,0,1,1,3,0,0,0,0,5
1387877,2026-02-01,F1,2025,Toulouse,Auxerre,Toulouse,Auxerre,0,1,1,1,0,0,0,0,3
1387874,2026-02-01,F1,2025,Nice,Stade Brestois 29,Nice,Brest,2,3,2,1,0,0,0,0,8
1387883,2026-02-06,F1,2025,Metz,Lille,Metz,Lille,0,1,1,0,0,0,0,0,2
1387882,2026-02-07,F1,2025,Lens,Rennes,Lens,Rennes,3,1,1,1,0,1,0,0,7
1387880,2026-02-07,F1,2025,Stade Brestois 29,Lorient,Brest,Lorient,1,1,0,0,0,0,0,0,2
1387884,2026-02-07,F1,2025,Nantes,Lyon,Nantes,Lyon,1,3,1,2,0,0,0,1,8
1387885,2026-02-08,F1,2025,Nice,Monaco,Nice,Monaco,1,1,1,1,0,0,0,0,4
1387881,2026-02-08,F1,2025,Le Havre,Strasbourg,Le Havre,Strasbourg,0,2,1,0,0,0,1,0,4
1387879,2026-02-08,F1,2025,Auxerre,Paris FC,Auxerre,Paris FC,0,1,2,2,0,0,0,0,5
1387878,2026-02-08,F1,2025,Angers,Toulouse,Angers,Toulouse,0,3,0,2,0,0,0,0,5
1387886,2026-02-08,F1,2025,Paris Saint Germain,Marseille,Paris SG,Marseille,1,1,0,2,0,0,0,0,4
1387895,2026-02-13,F1,2025,Rennes,Paris Saint Germain,Rennes,Paris SG,0,0,0,0,0,0,0,0,12
1387893,2026-02-13,F1,2025,Monaco,Nantes,Monaco,Nantes,2,3,0,2,0,1,0,0,8
1387894,2026-02-14,F1,2025,Paris FC,Lens,Paris FC,Lens,0,2,1,0,0,0,0,0,3
1387888,2026-02-14,F1,2025,Lille,Stade Brestois 29,Lille,Brest,0,0,0,1,0,0,0,0,1
1387891,2026-02-14,F1,2025,Marseille,Strasbourg,Marseille,Strasbourg,2,2,0,2,0,0,0,0,6
1387890,2026-02-15,F1,2025,Lyon,Nice,Lyon,Nice,1,2,1,0,0,0,0,0,4
1387887,2026-02-15,F1,2025,Le Havre,Toulouse,Le Havre,Toulouse,0,2,0,4,1,0,0,0,7
1387892,2026-02-15,F1,2025,Metz,Auxerre,Metz,Auxerre,1,1,0,3,0,0,0,0,5
1387889,2026-02-15,F1,2025,Lorient,Angers,Lorient,Angers,0,0,0,0,0,0,0,0,12
1387898,2026-02-20,F1,2025,Stade Brestois 29,Marseille,Brest,Marseille,0,1,0,4,0,0,0,0,5
1387899,2026-02-21,F1,2025,Lens,Monaco,Lens,Monaco,0,2,0,2,0,0,0,0,4
1387904,2026-02-21,F1,2025,Toulouse,Paris FC,Toulouse,Paris FC,1,1,1,4,0,0,0,0,7
1387902,2026-02-21,F1,2025,Paris Saint Germain,Metz,Paris SG,Metz,0,0,2,0,0,0,0,0,2
1387897,2026-02-22,F1,2025,Auxerre,Rennes,Auxerre,Rennes,0,1,0,4,0,0,0,0,5
1387901,2026-02-22,F1,2025,Nice,Lorient,Nice,Lorient,1,1,0,3,0,0,0,0,5
1387900,2026-02-22,F1,2025,Nantes,Le Havre,Nantes,Le Havre,1,3,1,2,0,0,0,0,7
1387903,2026-02-22,F1,2025,Strasbourg,Lyon,Strasbourg,Lyon,0,1,0,2,0,0,0,0,3
1387896,2026-02-22,F1,2025,Angers,Lille,Angers,Lille,2,1,1,0,0,0,0,0,4
1387913,2026-02-27,F1,2025,Strasbourg,Lens,Strasbourg,Lens,1,1,1,1,0,0,0,0,4
1387912,2026-02-28,F1,2025,Rennes,Toulouse,Rennes,Toulouse,1,0,2,1,0,0,0,0,4
1387910,2026-02-28,F1,2025,Monaco,Angers,Monaco,Angers,0,0,1,2,0,0,0,0,3
1387905,2026-02-28,F1,2025,Le Havre,Paris Saint Germain,Le Havre,Paris SG,1,2,0,0,0,0,0,0,3
1387906,2026-03-01,F1,2025,Lille,Nantes,Lille,Nantes,0,3,1,0,0,0,0,0,4
1387908,2026-03-01,F1,2025,Marseille,Lyon,Marseille,Lyon,0,3,2,0,0,0,0,0,5
1387907,2026-03-01,F1,2025,Lorient,Auxerre,Lorient,Auxerre,1,0,2,1,0,0,0,0,4
1387911,2026-03-01,F1,2025,Paris FC,Nice,Paris FC,Nice,3,3,1,2,0,1,0,0,10
1387909,2026-03-01,F1,2025,Metz,Stade Brestois 29,Metz,Brest,0,2,0,1,0,0,1,0,4
1387921,2026-03-06,F1,2025,Paris Saint Germain,Monaco,Paris SG,Monaco,0,1,1,2,0,0,0,0,4
1387919,2026-03-07,F1,2025,Nantes,Angers,Nantes,Angers,0,1,0,1,0,0,0,0,2
1387914,2026-03-07,F1,2025,Auxerre,Strasbourg,Auxerre,Strasbourg,1,0,1,1,0,0,0,0,3
1387922,2026-03-07,F1,2025,Toulouse,Marseille,Toulouse,Marseille,0,2,1,2,0,0,0,0,5
1387916,2026-03-08,F1,2025,Lens,Metz,Lens,Metz,0,0,1,2,0,0,0,0,3
1387915,2026-03-08,F1,2025,Stade Brestois 29,Le Havre,Brest,Le Havre,1,2,1,0,0,0,0,0,4
1387920,2026-03-08,F1,2025,Nice,Rennes,Nice,Rennes,1,1,0,1,0,0,0,0,3
1387917,2026-03-08,F1,2025,Lille,Lorient,Lille,Lorient,2,1,0,1,0,0,0,0,4
1387918,2026-03-08,F1,2025,Lyon,Paris FC,Lyon,Paris FC,1,1,0,0,0,0,0,0,2
1387926,2026-03-13,F1,2025,Marseille,Auxerre,Marseille,Auxerre,2,2,1,1,0,0,0,0,6
1387925,2026-03-14,F1,2025,Lorient,Lens,Lorient,Lens,1,1,1,2,0,0,0,0,5
1387923,2026-03-14,F1,2025,Angers,Nice,Angers,Nice,0,1,0,3,0,0,0,0,4
1387928,2026-03-14,F1,2025,Monaco,Stade Brestois 29,Monaco,Brest,1,1,1,0,0,0,0,0,3
1387930,2026-03-15,F1,2025,Rennes,Lille,Rennes,Lille,0,2,1,4,0,0,0,0,7
1387924,2026-03-15,F1,2025,Le Havre,Lyon,Le Havre,Lyon,0,1,2,1,0,1,0,0,5
1387931,2026-03-15,F1,2025,Strasbourg,Paris FC,Strasbourg,Paris FC,1,0,0,0,0,0,0,0,1
1387927,2026-03-15,F1,2025,Metz,Toulouse,Metz,Toulouse,0,0,1,2,0,0,0,0,3
1387933,2026-03-20,F1,2025,Lens,Angers,Lens,Angers,0,0,0,0,0,0,0,0,16
1387940,2026-03-21,F1,2025,Toulouse,Lorient,Toulouse,Lorient,1,1,0,3,0,0,0,0,5
1387932,2026-03-21,F1,2025,Auxerre,Stade Brestois 29,Auxerre,Brest,0,0,1,3,1,0,0,0,5
1387937,2026-03-21,F1,2025,Nice,Paris Saint Germain,Nice,Paris SG,1,0,1,0,0,1,0,0,3
1387935,2026-03-22,F1,2025,Marseille,Lille,Marseille,Lille,1,0,3,0,0,0,0,0,4
1387936,2026-03-22,F1,2025,Nantes,Strasbourg,Nantes,Strasbourg,1,2,2,1,0,0,0,0,6
1387938,2026-03-22,F1,2025,Paris FC,Le Havre,Paris FC,Le Havre,0,0,0,1,0,1,0,0,2
1387934,2026-03-22,F1,2025,Lyon,Monaco,Lyon,Monaco,0,0,1,2,0,1,0,0,4
1387939,2026-03-22,F1,2025,Rennes,Metz,Rennes,Metz,1,0,1,2,0,0,0,0,4
1387948,2026-04-03,F1,2025,Paris Saint Germain,Toulouse,Paris SG,Toulouse,0,0,1,0,0,0,0,0,1
1387949,2026-04-04,F1,2025,Strasbourg,Nice,Strasbourg,Nice,0,0,2,0,0,0,0,0,2
1387942,2026-04-04,F1,2025,Stade Brestois 29,Rennes,Brest,Rennes,2,1,1,2,0,0,0,0,6
1387944,2026-04-04,F1,2025,Lille,Lens,Lille,Lens,1,2,1,1,0,0,0,0,5
1387947,2026-04-05,F1,2025,Monaco,Marseille,Monaco,Marseille,1,1,1,1,0,0,0,0,4
1387941,2026-04-05,F1,2025,Angers,Lyon,Angers,Lyon,0,3,0,0,0,0,0,0,3
1387946,2026-04-05,F1,2025,Metz,Nantes,Metz,Nantes,1,1,0,1,0,0,1,0,4
1387943,2026-04-05,F1,2025,Le Havre,Auxerre,Le Havre,Auxerre,1,1,0,2,0,0,0,0,4
1387945,2026-04-05,F1,2025,Lorient,Paris FC,Lorient,Paris FC,0,1,0,2,0,0,0,0,3
1387956,2026-04-10,F1,2025,Paris FC,Monaco,Paris FC,Monaco,0,1,0,0,0,0,0,0,1
1387954,2026-04-10,F1,2025,Marseille,Metz,Marseille,Metz,1,0,0,2,0,0,0,0,3
1387950,2026-04-11,F1,2025,Auxerre,Nantes,Auxerre,Nantes,0,0,2,2,0,0,0,0,4
1387957,2026-04-11,F1,2025,Rennes,Angers,Rennes,Angers,0,0,1,1,0,0,0,0,2
1387958,2026-04-12,F1,2025,Toulouse,Lille,Toulouse,Lille,0,2,0,0,0,1,0,0,3
1387955,2026-04-12,F1,2025,Nice,Le Havre,Nice,Le Havre,1,0,0,1,0,0,0,0,2
1387953,2026-04-12,F1,2025,Lyon,Lorient,Lyon,Lorient,1,3,0,1,0,0,0,0,5
1387960,2026-04-17,F1,2025,Lens,Toulouse,Lens,Toulouse,1,0,0,1,0,0,1,0,3
1387961,2026-04-18,F1,2025,Lille,Nice,Lille,Nice,2,1,0,1,0,0,0,0,4
1387962,2026-04-18,F1,2025,Lorient,Marseille,Lorient,Marseille,0,0,0,3,0,0,0,0,3
1387959,2026-04-18,F1,2025,Angers,Le Havre,Angers,Le Havre,0,1,1,2,0,0,0,1,5
1387964,2026-04-19,F1,2025,Monaco,Auxerre,Monaco,Auxerre,1,1,0,3,0,0,0,0,5
1387963,2026-04-19,F1,2025,Metz,Paris FC,Metz,Paris FC,2,0,1,1,0,0,0,0,4
1387967,2026-04-19,F1,2025,Strasbourg,Rennes,Strasbourg,Rennes,0,0,1,0,0,0,0,0,1
1387965,2026-04-19,F1,2025,Nantes,Stade Brestois 29,Nantes,Brest,0,2,2,0,0,1,0,0,5
1387966,2026-04-19,F1,2025,Paris Saint Germain,Lyon,Paris SG,Lyon,2,3,1,0,0,0,0,0,6
1387929,2026-04-22,F1,2025,Paris Saint Germain,Nantes,Paris SG,Nantes,2,0,0,1,0,0,0,0,3
1387969,2026-04-24,F1,2025,Stade Brestois 29,Lens,Brest,Lens,1,2,0,3,0,0,0,0,6
1387976,2026-04-25,F1,2025,Toulouse,Monaco,Toulouse,Monaco,1,2,0,2,0,0,0,0,5
1387972,2026-04-25,F1,2025,Lyon,Auxerre,Lyon,Auxerre,0,1,0,2,0,0,0,0,3
1387968,2026-04-25,F1,2025,Angers,Paris Saint Germain,Angers,Paris SG,0,0,1,1,0,0,0,1,3
1387971,2026-04-26,F1,2025,Lorient,Strasbourg,Lorient,Strasbourg,0,1,1,1,0,0,0,0,3
1387974,2026-04-26,F1,2025,Paris FC,Lille,Paris FC,Lille,1,5,0,3,0,1,0,0,10
1387970,2026-04-26,F1,2025,Le Havre,Metz,Le Havre,Metz,0,3,0,1,0,0,0,0,4
1387975,2026-04-26,F1,2025,Rennes,Nantes,Rennes,Nantes,0,3,1,1,0,0,0,0,5
1387973,2026-04-26,F1,2025,Marseille,Nice,Marseille,Nice,2,2,1,0,0,0,0,0,5
1387981,2026-05-02,F1,2025,Nantes,Marseille,Nantes,Marseille,1,0,1,2,0,0,0,0,4
1387984,2026-05-02,F1,2025,Paris Saint Germain,Lorient,Paris SG,Lorient,0,1,0,1,0,0,0,0,2
1387980,2026-05-02,F1,2025,Metz,Monaco,Metz,Monaco,0,0,0,2,0,0,0,0,2
1387982,2026-05-02,F1,2025,Nice,Lens,Nice,Lens,1,1,2,1,0,0,0,1,6
1387979,2026-05-03,F1,2025,Lyon,Rennes,Lyon,Rennes,0,0,2,1,0,0,0,0,3
1387985,2026-05-03,F1,2025,Strasbourg,Toulouse,Strasbourg,Toulouse,1,0,0,3,0,0,0,0,4
1387978,2026-05-03,F1,2025,Lille,Le Havre,Lille,Le Havre,1,1,2,1,0,0,0,0,5
1387983,2026-05-03,F1,2025,Paris FC,Stade Brestois 29,Paris FC,Brest,2,0,1,0,0,0,0,0,3
1387977,2026-05-03,F1,2025,Auxerre,Angers,Auxerre,Angers,0,2,2,2,0,0,1,0,7
1387989,2026-05-08,F1,2025,Lens,Nantes,Lens,Nantes,2,0,0,1,0,0,0,0,3
1387986,2026-05-10,F1,2025,Angers,Strasbourg,Angers,Strasbourg,0,2,2,0,0,0,0,0,4
1387992,2026-05-10,F1,2025,Paris Saint Germain,Stade Brestois 29,Paris SG,Brest,0,0,0,0,0,0,0,0,8
1387991,2026-05-10,F1,2025,Monaco,Lille,Monaco,Lille,0,1,1,2,0,0,0,0,4
1387987,2026-05-10,F1,2025,Auxerre,Nice,Auxerre,Nice,0,1,0,0,0,0,0,0,1
1387994,2026-05-10,F1,2025,Toulouse,Lyon,Toulouse,Lyon,3,3,0,2,0,1,0,0,9
1387988,2026-05-10,F1,2025,Le Havre,Marseille,Le Havre,Marseille,1,3,0,2,0,0,0,0,6
1387990,2026-05-10,F1,2025,Metz,Lorient,Metz,Lorient,2,0,2,0,0,0,0,0,4
1387993,2026-05-10,F1,2025,Rennes,Paris FC,Rennes,Paris FC,0,0,0,2,0,0,0,0,2
1387951,2026-05-13,F1,2025,Stade Brestois 29,Strasbourg,Brest,Strasbourg,0,0,0,1,0,0,0,0,1
1387952,2026-05-13,F1,2025,Lens,Paris Saint Germain,Lens,Paris SG,0,0,1,0,0,0,0,0,1
1388002,2026-05-17,F1,2025,Paris FC,Paris Saint Germain,Paris FC,Paris SG,0,2,0,0,0,0,0,0,2
1387995,2026-05-17,F1,2025,Stade Brestois 29,Angers,Brest,Angers,1,0,1,0,0,0,0,0,2
1387997,2026-05-17,F1,2025,Lorient,Le Havre,Lorient,Le Havre,1,1,1,0,0,0,0,0,3
1388003,2026-05-17,F1,2025,Strasbourg,Monaco,Strasbourg,Monaco,0,1,1,1,0,0,0,0,3
1388001,2026-05-17,F1,2025,Nice,Metz,Nice,Metz,1,1,0,1,0,0,0,0,3
1387999,2026-05-17,F1,2025,Marseille,Rennes,Marseille,Rennes,0,3,0,1,0,0,0,0,4
1387998,2026-05-17,F1,2025,Lyon,Lens,Lyon,Lens,0,1,2,2,0,0,0,0,5
1387996,2026-05-17,F1,2025,Lille,Auxerre,Lille,Auxerre,2,1,0,2,0,0,0,0,5
1545408,2026-05-26,F1,2025,Saint Etienne,Nice,St Etienne,Nice,0,1,0,0,0,0,0,0,1
1545409,2026-05-29,F1,2025,Nice,Saint Etienne,Nice,St Etienne,0,2,0,0,0,0,0,0,2
