fixture_id,date,competition,home,away,hc,ac,hy,ay,hr,ar,statistici
1508955,2026-01-18,FRIENDLY,Grenada,Jamaica,0,0,0,0,0,0,0
1501809,2026-01-18,FRIENDLY,Bolivia,Panama,0,0,0,0,0,0,0
1501808,2026-01-18,FRIENDLY,Canada,Guatemala,12,5,2,2,0,0,2
1501810,2026-01-23,FRIENDLY,Panama,Mexico,1,9,1,2,0,0,2
1501811,2026-01-25,FRIENDLY,Bolivia,Mexico,4,4,1,5,1,0,2
1514069,2026-01-26,FRIENDLY,Uzbekistan,China,0,0,0,0,0,0,0
1514070,2026-01-30,FRIENDLY,Uzbekistan,FC Urartu,0,0,0,0,0,0,0
1522228,2026-02-21,FRIENDLY,Martinique,Jamaica,0,0,0,0,0,0,0
1502468,2026-02-26,FRIENDLY,Mexico,Iceland,8,2,1,1,0,0,2
1528269,2026-03-15,FRIENDLY,Bolivia,Trinidad and Tobago,0,0,0,0,0,0,0
1536904,2026-03-25,FRIENDLY,Kyrgyzstan,Equatorial Guinea,0,0,0,0,0,0,0
1537375,2026-03-25,AFCONQ,Eritrea,Eswatini,0,0,0,0,0,0,0
1537175,2026-03-25,FRIENDLY,Congo DR,Bermuda,0,0,0,0,0,0,0
1316571,2026-03-26,NL,Malta,Luxembourg,1,3,2,0,0,0,2
1487922,2026-03-26,WCQ_EUR,Türkiye,Romania,9,3,2,1,0,0,2
1487924,2026-03-26,WCQ_EUR,Denmark,FYR Macedonia,11,2,0,2,0,0,2
1487929,2026-03-26,WCQ_EUR,Wales,Bosnia & Herzegovina,9,3,1,4,0,0,2
1537373,2026-03-26,AFCONQ,Seychelles,Lesotho,0,0,0,0,0,0,0
1316569,2026-03-26,NL,Gibraltar,Latvia,1,6,2,2,0,0,2
1321350,2026-03-26,ASIANQ,Afghanistan,Myanmar,0,0,0,0,0,0,0
1487927,2026-03-26,WCQ_EUR,Slovakia,Kosovo,7,3,2,3,0,0,2
1487925,2026-03-26,WCQ_EUR,Italy,Northern Ireland,12,3,1,0,0,0,2
1537374,2026-03-26,AFCONQ,Djibouti,South Sudan,0,0,0,0,0,0,0
1487928,2026-03-26,WCQ_EUR,Ukraine,Sweden,9,3,2,1,0,0,2
1514459,2026-03-26,FRIENDLY,Moldova,Lithuania,0,0,0,0,0,0,0
1502469,2026-03-26,FRIENDLY,Georgia,Israel,6,7,1,1,0,0,2
1501815,2026-03-26,FRIENDLY,Brazil,France,5,2,4,3,0,1,2
1507579,2026-03-26,FRIENDLY,Cyprus,Belarus,5,4,1,4,0,0,2
1487923,2026-03-26,WCQ_EUR,Czechia,Rep. Of Ireland,6,9,1,2,0,0,2
1512757,2026-03-26,FRIENDLY,Colombia,Croatia,0,2,0,0,0,0,2
1487926,2026-03-26,WCQ_EUR,Poland,Albania,6,2,2,3,0,0,2
1536905,2026-03-26,FRIENDLY,Vietnam,Bangladesh,0,0,0,0,0,0,0
1503005,2026-03-27,FRIENDLY,Netherlands,Norway,8,2,0,1,0,0,2
1536907,2026-03-27,FRIENDLY,Libya,Niger,0,0,0,0,0,0,0
1514461,2026-03-27,FRIENDLY,Saudi Arabia,Egypt,3,1,2,0,0,0,2
1527856,2026-03-27,FRIENDLY,Montenegro,Andorra,9,1,0,1,0,0,2
1537371,2026-03-27,AFCONQ,Somalia,Mauritius,3,3,1,2,0,0,2
1527857,2026-03-27,FRIENDLY,South Africa,Panama,5,1,1,2,0,0,2
1537640,2026-03-27,FRIENDLY,Benin,Liberia,0,0,0,0,0,0,0
1527859,2026-03-27,FRIENDLY,Algeria,Guatemala,0,0,0,0,0,0,0
1527855,2026-03-27,FRIENDLY,Jordan,Costa Rica,0,0,0,0,0,0,0
1536910,2026-03-27,FRIENDLY,Spain,Serbia,5,1,0,0,0,0,2
1527854,2026-03-27,FRIENDLY,Iran,Nigeria,0,0,0,0,0,0,0
1536911,2026-03-27,FRIENDLY,Argentina,Mauritania,0,0,0,0,0,0,2
1502471,2026-03-27,FRIENDLY,Switzerland,Germany,0,10,0,0,0,0,2
1536909,2026-03-27,FRIENDLY,Russia,Nicaragua,6,3,1,1,0,1,2
1511731,2026-03-27,FRIENDLY,Austria,Ghana,5,3,1,2,0,0,2
1537370,2026-03-27,AFCONQ,Sao Tome and Principe,Ethiopia,0,0,0,0,0,0,2
1537372,2026-03-27,AFCONQ,Chad,Burundi,0,0,0,0,0,0,2
1502470,2026-03-27,FRIENDLY,England,Uruguay,7,0,1,2,0,0,2
1522229,2026-03-27,FRIENDLY,Morocco,Ecuador,2,1,1,0,0,0,2
1527858,2026-03-27,FRIENDLY,Greece,Paraguay,0,0,0,0,0,0,0
1528271,2026-03-27,FRIENDLY,Guinea,Togo,0,0,0,0,0,0,0
1511777,2026-03-28,FRIENDLY,Scotland,Japan,3,8,0,2,0,0,2
1537196,2026-03-28,FRIENDLY,Burkina Faso,Guinea-Bissau,0,0,0,0,0,0,0
1503003,2026-03-28,FRIENDLY,USA,Belgium,6,6,2,0,0,0,2
1514071,2026-03-28,FRIENDLY,Hungary,Slovenia,9,1,1,3,0,0,2
1537197,2026-03-28,FRIENDLY,Botswana,Zimbabwe,0,0,0,0,0,0,0
1512760,2026-03-28,FRIENDLY,Canada,Iceland,8,1,0,2,1,0,2
1527861,2026-03-28,FRIENDLY,Senegal,Peru,7,6,1,1,0,0,2
1536916,2026-03-28,FRIENDLY,San Marino,Faroe Islands,0,0,0,0,0,0,0
1527860,2026-03-28,FRIENDLY,South Korea,Ivory Coast,7,5,0,0,0,0,2
1536915,2026-03-28,FRIENDLY,Kyrgyzstan,Madagascar,0,0,0,0,0,0,0
1537368,2026-03-29,AFCONQ,Lesotho,Seychelles,0,0,0,0,0,0,0
1514465,2026-03-29,FRIENDLY,Colombia,France,9,5,1,3,0,0,2
1512761,2026-03-29,FRIENDLY,Haiti,Tunisia,0,0,0,0,0,0,0
1514464,2026-03-29,FRIENDLY,Mexico,Portugal,0,4,1,1,0,0,2
1502472,2026-03-29,FRIENDLY,Lithuania,Georgia,0,0,0,0,0,0,0
1514832,2026-03-29,FRIENDLY,Armenia,Belarus,0,0,0,0,0,0,0
1537369,2026-03-29,AFCONQ,South Sudan,Djibouti,0,0,0,0,0,0,0
1501816,2026-03-30,FRIENDLY,Germany,Ghana,9,4,1,3,0,0,2
1507580,2026-03-30,FRIENDLY,Cyprus,Moldova,4,1,1,1,0,0,2
1321355,2026-03-31,ASIANQ,India,Hong Kong,0,0,0,0,0,0,0
1537580,2026-03-31,WCQ_EUR,Kosovo,Türkiye,3,2,3,5,0,0,2
1538307,2026-03-31,FRIENDLY,Rep. Of Ireland,FYR Macedonia,8,1,0,1,0,0,2
1528275,2026-03-31,FRIENDLY,Liberia,Libya,0,0,0,0,0,0,0
1537367,2026-03-31,AFCONQ,Burundi,Chad,0,0,0,0,0,0,0
1537366,2026-03-31,AFCONQ,Ethiopia,Sao Tome and Principe,4,2,1,0,0,0,2
1537365,2026-03-31,AFCONQ,Eswatini,Eritrea,0,0,0,0,0,0,0
1514072,2026-03-31,FRIENDLY,Hungary,Greece,3,8,1,2,0,0,2
1320898,2026-03-31,ASIANQ,Tajikistan,Philippines,0,0,0,0,0,0,0
1316570,2026-03-31,NL,Latvia,Gibraltar,9,3,2,5,0,0,2
1537181,2026-03-31,FRIENDLY,Equatorial Guinea,Madagascar,0,0,0,0,0,0,0
1538303,2026-03-31,FRIENDLY,Botswana,Malawi,0,0,0,0,0,0,0
1321358,2026-03-31,ASIANQ,Chinese Taipei,Sri Lanka,0,0,0,0,0,0,0
1527862,2026-03-31,FRIENDLY,Costa Rica,Iran,0,0,0,0,0,0,0
1528279,2026-03-31,FRIENDLY,Senegal,Gambia,0,0,0,0,0,0,0
1321354,2026-03-31,ASIANQ,Bhutan,Brunei,0,0,0,0,0,0,0
1316572,2026-03-31,NL,Luxembourg,Malta,3,6,3,2,0,1,2
1321361,2026-03-31,ASIANQ,Vietnam,Malaysia,0,0,0,0,0,0,0
1321356,2026-03-31,ASIANQ,Singapore,Bangladesh,0,0,0,0,0,0,0
1511778,2026-03-31,FRIENDLY,Spain,Egypt,11,0,0,5,0,1,2
1321359,2026-03-31,ASIANQ,Syria,Afghanistan,0,0,0,0,0,0,0
1321362,2026-03-31,ASIANQ,Nepal,Laos,0,0,0,0,0,0,0
1527864,2026-03-31,FRIENDLY,San Marino,Andorra,5,8,3,3,0,0,2
1536919,2026-03-31,FRIENDLY,Niger,Togo,0,0,0,0,0,0,0
1320899,2026-03-31,ASIANQ,Maldives,Timor-Leste,0,0,0,0,0,0,0
1503006,2026-03-31,FRIENDLY,Norway,Switzerland,4,2,0,0,0,0,2
1514469,2026-03-31,FRIENDLY,Montenegro,Slovenia,0,0,0,0,0,0,0
1502473,2026-03-31,FRIENDLY,England,Japan,11,1,0,2,0,0,2
1537579,2026-03-31,WCQ_EUR,Czechia,Denmark,7,4,1,2,0,0,2
1321319,2026-03-31,ASIANQ,Pakistan,Myanmar,0,0,0,0,0,0,0
1503007,2026-03-31,FRIENDLY,Netherlands,Ecuador,2,10,0,2,1,0,2
1527863,2026-03-31,FRIENDLY,Jordan,Nigeria,0,0,0,0,0,0,0
1528276,2026-03-31,FRIENDLY,South Africa,Panama,1,1,3,4,0,0,2
1538308,2026-03-31,FRIENDLY,Slovakia,Romania,0,0,0,0,0,0,0
1537578,2026-03-31,WCQ_EUR,Bosnia & Herzegovina,Italy,10,4,3,2,0,1,2
1537581,2026-03-31,WCQ_EUR,Sweden,Poland,2,9,2,3,0,0,2
1537364,2026-03-31,AFCONQ,Mauritius,Somalia,0,0,0,0,0,0,0
1512765,2026-03-31,FRIENDLY,Canada,Tunisia,0,0,0,0,0,0,0
1536923,2026-03-31,FRIENDLY,Argentina,Zambia,1,3,0,0,0,0,2
1537179,2026-03-31,FRIENDLY,Burkina Faso,Guinea-Bissau,0,0,0,0,0,0,0
1321357,2026-03-31,ASIANQ,Thailand,Turkmenistan,0,0,0,0,0,0,0
1514468,2026-03-31,FRIENDLY,Serbia,Saudi Arabia,10,1,0,2,0,0,2
1536922,2026-03-31,FRIENDLY,Russia,Mali,8,5,2,2,0,0,2
1512764,2026-03-31,FRIENDLY,Haiti,Iceland,0,0,0,0,0,0,0
1511732,2026-03-31,FRIENDLY,Austria,South Korea,4,6,1,0,0,0,2
1538309,2026-03-31,FRIENDLY,Wales,Northern Ireland,5,2,1,1,0,0,2
1528274,2026-03-31,FRIENDLY,Guinea,Benin,0,0,0,0,0,0,0
1528277,2026-03-31,FRIENDLY,Peru,Honduras,5,7,3,2,0,0,2
1537646,2026-03-31,FRIENDLY,Ukraine,Albania,0,0,0,0,0,0,0
1528278,2026-03-31,FRIENDLY,Scotland,Ivory Coast,7,5,0,0,0,0,2
1528280,2026-03-31,FRIENDLY,Algeria,Uruguay,5,6,4,3,0,0,2
1503004,2026-03-31,FRIENDLY,USA,Portugal,1,3,0,1,0,0,2
1522230,2026-03-31,FRIENDLY,Morocco,Paraguay,1,3,3,6,0,0,2
1501817,2026-04-01,FRIENDLY,Brazil,Croatia,0,0,0,0,0,0,0
1514471,2026-04-01,FRIENDLY,Mexico,Belgium,3,2,2,3,0,0,2
1537647,2026-05-16,FRIENDLY,Rep. Of Ireland,Grenada,12,1,0,1,0,0,2
1528281,2026-05-23,FRIENDLY,Mexico,Ghana,9,3,1,1,0,0,2
1540349,2026-05-26,FRIENDLY,Nigeria,Zimbabwe,0,0,0,0,0,0,0
1545261,2026-05-26,FRIENDLY,Morocco,Burundi,0,0,0,0,0,0,0
1540350,2026-05-27,FRIENDLY,Jamaica,India,6,2,1,2,0,0,2
1543816,2026-05-28,FRIENDLY,Egypt,Russia,5,6,1,2,0,0,2
1528282,2026-05-28,FRIENDLY,Rep. Of Ireland,Qatar,7,3,0,0,1,1,2
1543817,2026-05-29,FRIENDLY,South Africa,Nicaragua,6,1,0,2,0,0,2
1544356,2026-05-29,FRIENDLY,Iraq,Andorra,0,0,0,0,0,0,0
1540947,2026-05-29,FRIENDLY,Bosnia & Herzegovina,FYR Macedonia,2,1,0,1,0,0,2
1544803,2026-05-29,FRIENDLY,Iran,Gambia,0,0,0,0,0,0,0
1511779,2026-05-30,FRIENDLY,Scotland,Curaçao,8,2,2,2,0,1,2
1548414,2026-05-30,FRIENDLY,India,Zimbabwe,0,0,0,0,0,0,0
1548416,2026-05-30,FRIENDLY,Jamaica,Nigeria,0,0,0,0,0,0,0
1527865,2026-05-31,FRIENDLY,Mexico,Australia,5,3,1,1,0,0,2
1544804,2026-05-31,FRIENDLY,Singapore,Mongolia,0,0,0,0,0,0,0
1540948,2026-05-31,FRIENDLY,Ecuador,Saudi Arabia,2,2,1,1,0,0,2
1545263,2026-05-31,FRIENDLY,South Korea,Trinidad and Tobago,7,1,1,3,0,0,2
1528283,2026-05-31,FRIENDLY,Switzerland,Jordan,6,4,0,0,0,0,2
1503008,2026-05-31,FRIENDLY,USA,Senegal,3,7,1,0,0,0,2
1501818,2026-05-31,FRIENDLY,Germany,Finland,10,3,0,0,0,0,2
1544805,2026-05-31,FRIENDLY,Poland,Ukraine,0,0,0,0,0,0,0
1536926,2026-05-31,FRIENDLY,Brazil,Panama,1,1,0,1,0,0,2
1540351,2026-05-31,FRIENDLY,Japan,Iceland,5,1,0,2,0,0,2
1543819,2026-05-31,FRIENDLY,Cape Verde Islands,Serbia,0,0,0,0,0,0,0
1545035,2026-05-31,FRIENDLY,Czechia,Kosovo,0,0,0,0,0,0,0
1536927,2026-06-01,FRIENDLY,Norway,Sweden,6,1,0,1,0,0,2
1511733,2026-06-01,FRIENDLY,Austria,Tunisia,2,4,2,1,1,0,2
1543821,2026-06-01,FRIENDLY,Türkiye,FYR Macedonia,13,1,0,1,0,0,2
1542177,2026-06-01,FRIENDLY,Slovakia,Malta,0,0,0,0,0,0,0
1548418,2026-06-01,FRIENDLY,Maldives,Afghanistan,0,0,0,0,0,0,0
1542176,2026-06-01,FRIENDLY,Bulgaria,Montenegro,0,0,0,0,0,0,0
1537648,2026-06-01,FRIENDLY,Colombia,Costa Rica,4,2,1,1,0,0,2
1536928,2026-06-02,FRIENDLY,Georgia,Romania,0,0,0,0,0,0,0
1514472,2026-06-02,FRIENDLY,Canada,Uzbekistan,7,3,2,2,0,0,2
1512766,2026-06-02,FRIENDLY,Croatia,Belgium,3,4,2,2,0,0,2
1545264,2026-06-02,FRIENDLY,Morocco,Madagascar,12,1,2,2,0,1,2
1536929,2026-06-02,FRIENDLY,Wales,Ghana,5,4,0,2,0,0,2
1544357,2026-06-03,FRIENDLY,Albania,Israel,7,2,1,1,0,0,2
1544806,2026-06-03,FRIENDLY,Haiti,New Zealand,5,8,0,1,0,0,2
1539431,2026-06-03,FRIENDLY,Poland,Nigeria,5,2,2,2,0,0,2
1543822,2026-06-03,FRIENDLY,Congo DR,Denmark,0,0,0,0,0,0,0
1540589,2026-06-03,FRIENDLY,Luxembourg,Italy,4,7,1,1,0,0,2
1536930,2026-06-03,FRIENDLY,Netherlands,Algeria,6,3,0,0,0,0,2
1545266,2026-06-03,FRIENDLY,Gibraltar,British Virgin Islands,0,0,0,0,0,0,0
1545697,2026-06-03,FRIENDLY,Philippines,Guam,6,1,1,2,0,0,2
1542891,2026-06-04,FRIENDLY,Panama,Dominican Republic,0,0,0,0,0,0,0
1544359,2026-06-04,FRIENDLY,Spain,Iraq,5,3,2,2,0,0,2
1543823,2026-06-04,FRIENDLY,Northern Ireland,Guinea,1,9,1,1,1,0,2
1548423,2026-06-04,FRIENDLY,Lesotho,Kenya,0,0,0,0,0,0,0
1321353,2026-06-04,ASIANQ,Lebanon,Yemen,0,0,0,0,0,0,0
1542892,2026-06-04,FRIENDLY,Andorra,Liechtenstein,6,2,2,1,0,0,2
1540352,2026-06-04,FRIENDLY,Slovenia,Cyprus,0,0,0,0,0,0,0
1542552,2026-06-04,FRIENDLY,Sweden,Greece,1,4,0,2,0,0,2
1548420,2026-06-04,FRIENDLY,Maldives,Pakistan,0,0,0,0,0,0,0
1536931,2026-06-04,FRIENDLY,France,Ivory Coast,8,2,0,1,0,0,2
1544807,2026-06-04,FRIENDLY,South Korea,El Salvador,6,1,4,1,0,0,2
1544358,2026-06-04,FRIENDLY,Cambodia,Bhutan,0,0,0,0,0,0,0
1548428,2026-06-04,FRIENDLY,Iran,Mali,0,0,0,0,0,0,0
1546494,2026-06-05,FRIENDLY,Central African Republic,Togo,0,0,0,0,0,0,0
1523007,2026-06-05,FRIENDLY,Hungary,Finland,3,8,3,1,0,0,2
1542178,2026-06-05,FRIENDLY,Slovakia,Montenegro,0,0,0,0,0,0,0
1528285,2026-06-05,FRIENDLY,Canada,Rep. Of Ireland,1,0,0,0,0,0,2
1543827,2026-06-05,FRIENDLY,Russia,Burkina Faso,5,6,0,3,0,1,2
1542179,2026-06-05,FRIENDLY,Georgia,Bahrain,0,0,0,0,0,0,0
1546838,2026-06-05,FRIENDLY,Tajikistan,India,2,1,3,2,0,0,2
1544808,2026-06-05,FRIENDLY,Thailand,Kuwait,5,1,2,1,0,0,2
1543828,2026-06-05,FRIENDLY,Paraguay,Nicaragua,0,0,0,0,0,0,0
1540353,2026-06-05,FRIENDLY,San Marino,Bangladesh,0,0,0,0,0,0,0
1548433,2026-06-05,FRIENDLY,Benin,Niger,0,0,0,0,0,0,0
1528284,2026-06-05,FRIENDLY,Mexico,Serbia,6,1,2,2,0,0,2
1544810,2026-06-05,FRIENDLY,Azerbaijan,Malta,0,0,0,0,0,0,0
1540354,2026-06-05,FRIENDLY,Moldova,Bulgaria,0,0,0,0,0,0,0
1548435,2026-06-05,FRIENDLY,Angola,Mauritania,0,0,0,0,0,0,0
1545699,2026-06-05,FRIENDLY,Hong Kong,Mongolia,5,0,1,2,0,0,2
1542893,2026-06-05,FRIENDLY,Czechia,Guatemala,0,0,0,0,0,0,0
1543826,2026-06-05,FRIENDLY,Indonesia,Oman,0,0,0,0,0,0,0
1546497,2026-06-05,FRIENDLY,Puerto Rico,Saudi Arabia,0,0,0,0,0,0,0
1543825,2026-06-05,FRIENDLY,Belarus,Syria,0,0,0,0,0,0,0
1544809,2026-06-05,FRIENDLY,Singapore,China,4,10,1,2,0,0,2
1544360,2026-06-06,FRIENDLY,Panama,Bosnia & Herzegovina,0,0,0,0,0,0,0
1546499,2026-06-06,FRIENDLY,Cape Verde Islands,Bermuda,0,0,0,0,0,0,0
1550809,2026-06-06,FRIENDLY,Jamaica,South Africa,0,0,0,0,0,0,0
1545700,2026-06-06,FRIENDLY,Myanmar,Guam,0,0,0,0,0,0,0
1548443,2026-06-06,FRIENDLY,Sierra Leone,Liberia,0,0,0,0,0,0,0
1525492,2026-06-06,FRIENDLY,England,New Zealand,8,1,0,0,0,0,2
1548440,2026-06-06,FRIENDLY,Kyrgyzstan,Palestine,0,0,0,0,0,0,0
1537649,2026-06-06,FRIENDLY,Armenia,Kazakhstan,0,0,0,0,0,0,0
1540949,2026-06-06,FRIENDLY,Bolivia,Scotland,3,6,3,1,0,0,2
1543829,2026-06-06,FRIENDLY,Venezuela,Türkiye,2,12,2,1,0,0,2
1512767,2026-06-06,FRIENDLY,Belgium,Tunisia,13,0,0,2,0,1,2
1548437,2026-06-06,FRIENDLY,Vanuatu,Fiji,0,0,0,0,0,0,0
1528287,2026-06-06,FRIENDLY,Brazil,Egypt,5,3,1,1,0,0,2
1545701,2026-06-06,FRIENDLY,Ethiopia,Malawi,0,0,0,0,0,0,0
1542894,2026-06-06,FRIENDLY,Albania,Luxembourg,0,0,0,0,0,0,0
1544811,2026-06-06,FRIENDLY,Haiti,Peru,3,3,1,4,0,0,2
1550808,2026-06-06,FRIENDLY,British Virgin Islands,Bonaire,0,0,0,0,0,0,0
1544361,2026-06-06,FRIENDLY,Qatar,El Salvador,3,4,1,1,0,0,2
1542180,2026-06-06,FRIENDLY,Romania,Wales,10,12,1,1,0,0,2
1542181,2026-06-06,FRIENDLY,Switzerland,Australia,7,2,3,2,0,0,2
1528286,2026-06-06,FRIENDLY,Portugal,Chile,9,3,0,0,1,1,2
1502474,2026-06-06,FRIENDLY,USA,Germany,10,2,1,3,0,0,2
1545272,2026-06-06,FRIENDLY,Gibraltar,Cayman Islands,0,0,0,0,0,0,0
1548444,2026-06-07,FRIENDLY,Afghanistan,Pakistan,0,0,0,0,0,0,0
1548446,2026-06-07,FRIENDLY,Oman,Mozambique,0,0,0,0,0,0,0
1540590,2026-06-07,FRIENDLY,Greece,Italy,2,3,0,3,0,1,2
1540950,2026-06-07,FRIENDLY,Morocco,Norway,3,11,1,1,0,0,2
1540355,2026-06-07,FRIENDLY,Argentina,Honduras,6,1,4,1,0,0,2
1548445,2026-06-07,FRIENDLY,Kenya,Lesotho,0,0,0,0,0,0,0
1545036,2026-06-07,FRIENDLY,Kosovo,Andorra,0,0,0,0,0,0,0
1537650,2026-06-07,FRIENDLY,Curaçao,Aruba,0,0,0,0,0,0,0
1543830,2026-06-07,FRIENDLY,Denmark,Ukraine,1,2,1,2,0,0,2
1544362,2026-06-07,FRIENDLY,Liechtenstein,Cyprus,1,10,0,2,0,0,2
1528288,2026-06-07,FRIENDLY,Colombia,Jordan,1,1,0,0,0,0,2
1542182,2026-06-07,FRIENDLY,Ecuador,Guatemala,6,0,3,1,0,0,2
1512768,2026-06-07,FRIENDLY,Croatia,Slovenia,8,4,0,0,0,0,2
1542183,2026-06-08,FRIENDLY,France,Northern Ireland,5,1,0,0,0,0,2
1546495,2026-06-08,FRIENDLY,Niger,Mauritania,0,0,0,0,0,0,0
1544812,2026-06-08,FRIENDLY,Netherlands,Uzbekistan,3,3,1,1,1,0,2
1550824,2026-06-08,FRIENDLY,Sri Lanka,Bhutan,0,0,0,0,0,0,0
1550852,2026-06-08,FRIENDLY,Philadelphia Union II,Ivory Coast,0,0,0,0,0,0,0
1546842,2026-06-09,FRIENDLY,Tajikistan,India,8,0,1,2,0,0,2
1546502,2026-06-09,FRIENDLY,China,Thailand,11,1,1,1,0,0,2
1546508,2026-06-09,FRIENDLY,Kyrgyzstan,Palestine,0,0,0,0,0,0,0
1544368,2026-06-09,FRIENDLY,Saudi Arabia,Senegal,0,0,0,0,0,0,0
1544363,2026-06-09,FRIENDLY,Cambodia,Hong Kong,0,0,0,0,0,0,0
1545703,2026-06-09,FRIENDLY,Philippines,Myanmar,0,0,0,0,0,0,0
1545273,2026-06-09,FRIENDLY,Equatorial Guinea,Comoros,0,0,0,0,0,0,0
1546506,2026-06-09,FRIENDLY,Togo,Benin,0,0,0,0,0,0,0
1548454,2026-06-09,FRIENDLY,Vanuatu,Fiji,0,0,0,0,0,0,0
1525493,2026-06-09,FRIENDLY,Hungary,Kazakhstan,3,5,2,7,0,1,2
1540356,2026-06-09,FRIENDLY,Peru,Spain,0,0,0,0,0,0,0
1545704,2026-06-09,FRIENDLY,Ethiopia,Malawi,0,0,0,0,0,0,0
1543832,2026-06-09,FRIENDLY,Russia,Trinidad and Tobago,10,2,1,2,0,0,2
1544367,2026-06-09,FRIENDLY,Congo DR,Chile,7,2,1,3,0,0,2
1548457,2026-06-09,FRIENDLY,Liberia,Sierra Leone,0,0,0,0,0,0,0
1537651,2026-06-09,FRIENDLY,Armenia,Moldova,15,1,1,3,0,0,2
1544364,2026-06-09,FRIENDLY,Belarus,Burkina Faso,1,6,2,1,0,0,2
1543831,2026-06-09,FRIENDLY,Angola,Central African Republic,2,3,2,2,0,0,2
1544813,2026-06-09,FRIENDLY,Azerbaijan,San Marino,0,0,0,0,0,0,0
1546507,2026-06-09,FRIENDLY,Indonesia,Mozambique,0,0,0,0,0,0,0
1550833,2026-06-10,FRIENDLY,Pakistan,Afghanistan,0,0,0,0,0,0,0
1540358,2026-06-10,FRIENDLY,Portugal,Nigeria,3,2,2,2,0,0,2
1546509,2026-06-10,FRIENDLY,Iraq,Venezuela,0,0,0,0,0,0,0
1525494,2026-06-10,FRIENDLY,England,Costa Rica,11,1,0,4,0,0,2
1540357,2026-06-10,FRIENDLY,Argentina,Iceland,2,2,2,6,0,0,2
1548458,2026-06-11,FRIENDLY,Bolivia,Algeria,0,0,0,0,0,0,0
1583636,2026-07-03,FRIENDLY,Los Angeles Galaxy,El Salvador,0,0,0,0,0,0,0
1586130,2026-07-05,FRIENDLY,Siheung Citizen,Vietnam,0,0,0,0,0,0,0
1583641,2026-07-05,FRIENDLY,Los Angeles FC,El Salvador,0,0,0,0,0,0,0
1583647,2026-07-08,FRIENDLY,Vietnam,Yongin City,0,0,0,0,0,0,0
1586127,2026-07-10,FRIENDLY,Club Tijuana,El Salvador,0,0,0,0,0,0,0
1583651,2026-07-13,FRIENDLY,Vietnam,Gangwon FC,0,0,0,0,0,0,0
1586132,2026-07-18,FRIENDLY,Vietnam,Myanmar,0,0,0,0,0,0,0
1583653,2026-07-26,FRIENDLY,Louisville City,Trinidad and Tobago,0,0,0,0,0,0,0
1640499,2026-09-21,FRIENDLY,New Caledonia,Solomon Islands,0,0,0,0,0,0,0
1640500,2026-09-21,FRIENDLY,Fiji,Vanuatu,0,0,0,0,0,0,0
1640822,2026-09-21,FRIENDLY,Dominica,Anguilla,0,0,0,0,0,0,0
1640055,2026-09-23,FRIENDLY,Gibraltar,Sao Tome and Principe,2,4,1,2,0,0,2
1610876,2026-09-23,FRIENDLY,Azerbaijan,Tajikistan,4,3,2,2,0,0,2
1640502,2026-09-24,FRIENDLY,Papua New Guinea,New Caledonia,7,7,4,2,0,0,2
1545601,2026-09-24,NL,Andorra,Malta,3,2,5,2,0,0,2
1545820,2026-09-24,AFCONQ,Ivory Coast,Ghana,6,1,2,2,0,0,2
1528862,2026-09-24,NL,Netherlands,Germany,12,1,3,1,0,0,2
1545837,2026-09-24,AFCONQ,Tunisia,Uganda,6,5,1,1,0,0,2
1640501,2026-09-24,FRIENDLY,Solomon Islands,Vanuatu,4,4,2,1,0,0,2
1528879,2026-09-24,NL,Kosovo,Rep. Of Ireland,1,0,0,2,0,0,2
1528878,2026-09-24,NL,Austria,Israel,4,2,3,2,0,1,2
1545825,2026-09-24,AFCONQ,Mauritania,Central African Republic,3,4,1,5,0,1,2
1545817,2026-09-24,AFCONQ,Congo DR,Equatorial Guinea,4,3,1,2,0,0,2
1628995,2026-09-24,FRIENDLY,Japan,Uruguay,0,1,2,2,0,0,2
1640057,2026-09-24,FRIENDLY,China,Maldives,15,0,1,0,0,0,2
1528863,2026-09-24,NL,Serbia,Greece,2,6,2,1,0,0,2
1638591,2026-09-24,FRIENDLY,Uzbekistan,Iran,0,0,0,0,0,0,0
1528865,2026-09-24,NL,Norway,Denmark,4,7,0,3,1,0,2
1528864,2026-09-24,NL,Portugal,Wales,10,2,0,1,0,0,2
1545822,2026-09-24,AFCONQ,Libya,Botswana,9,4,1,2,0,0,2
1545816,2026-09-24,AFCONQ,Cameroon,Comoros,9,3,2,1,0,0,2
1545832,2026-09-24,AFCONQ,Sierra Leone,Zimbabwe,2,4,0,2,0,0,2
1528880,2026-09-24,NL,Liechtenstein,Lithuania,0,8,1,1,0,0,2
1628994,2026-09-24,FRIENDLY,South Korea,Ecuador,2,5,4,5,0,0,2
1545827,2026-09-24,AFCONQ,Namibia,Congo,9,7,2,1,0,0,2
1640056,2026-09-24,FRIENDLY,Palestine,New Zealand,0,0,0,0,0,0,0
1545828,2026-09-25,AFCONQ,Niger,Lesotho,1,5,0,3,0,0,2
1528885,2026-09-25,NL,Poland,Bosnia & Herzegovina,3,3,3,5,0,0,2
1545831,2026-09-25,AFCONQ,Mozambique,Senegal,1,10,3,2,0,0,2
1545830,2026-09-25,AFCONQ,Rwanda,Liberia,1,5,3,1,0,1,2
1528883,2026-09-25,NL,Italy,Belgium,4,8,2,4,0,0,2
1545824,2026-09-25,AFCONQ,Mali,Cape Verde Islands,4,1,1,2,0,0,2
1545835,2026-09-25,AFCONQ,Tanzania,Guinea-Bissau,3,0,1,1,0,0,2
1545829,2026-09-25,AFCONQ,Nigeria,Madagascar,5,2,1,2,0,0,2
1528886,2026-09-25,NL,Sweden,Romania,3,0,0,5,0,0,2
1545602,2026-09-25,NL,Armenia,Latvia,10,2,1,0,0,0,2
1545834,2026-09-25,AFCONQ,Sudan,Ethiopia,0,0,0,0,0,0,2
1545826,2026-09-25,AFCONQ,Morocco,Gabon,4,2,1,2,0,0,2
1528887,2026-09-25,NL,Montenegro,Cyprus,8,1,1,3,0,0,2
1545815,2026-09-25,AFCONQ,Burkina Faso,Benin,8,5,1,1,0,0,2
1637600,2026-09-25,FRIENDLY,India,Panama,0,0,0,0,0,0,2
1583655,2026-09-25,FRIENDLY,Australia,Brazil,9,8,1,0,0,0,2
1545836,2026-09-25,AFCONQ,Togo,Burundi,9,6,2,2,0,0,2
1528882,2026-09-25,NL,Türkiye,France,5,3,2,3,1,0,2
1528884,2026-09-25,NL,Hungary,Ukraine,4,2,4,4,0,1,2
1528881,2026-09-25,NL,Georgia,Northern Ireland,9,1,1,3,0,0,2
1545818,2026-09-25,AFCONQ,Egypt,Angola,10,3,0,2,0,0,2
1545814,2026-09-25,AFCONQ,Algeria,Zambia,6,4,0,3,0,0,2
1545823,2026-09-25,AFCONQ,Malawi,South Sudan,0,0,0,0,0,0,2
1545819,2026-09-25,AFCONQ,Gambia,Somalia,1,3,1,2,0,0,2
1545603,2026-09-26,NL,Bulgaria,Luxembourg,5,4,2,2,0,0,2
1528890,2026-09-26,NL,Iceland,Estonia,7,3,1,2,0,0,2
1528889,2026-09-26,NL,Faroe Islands,Kazakhstan,7,5,0,2,0,0,2
1528893,2026-09-26,NL,Albania,Belarus,5,2,2,4,0,0,2
1545658,2026-09-26,NL,Slovenia,Scotland,5,4,3,1,0,0,2
1610877,2026-09-26,FRIENDLY,Canada,Chile,2,2,0,1,0,1,2
1528892,2026-09-26,NL,Czechia,Croatia,1,6,2,1,0,0,2
1528894,2026-09-26,NL,Slovakia,Moldova,7,3,2,1,0,0,2
1628997,2026-09-26,FRIENDLY,USA,Peru,5,2,2,4,0,0,2
1545833,2026-09-26,AFCONQ,South Africa,Guinea,5,4,2,1,0,0,2
1528891,2026-09-26,NL,England,Spain,6,3,3,0,0,0,2
1528888,2026-09-26,NL,San Marino,Finland,0,4,1,1,1,0,2
1545821,2026-09-26,AFCONQ,Kenya,Eritrea,8,0,2,1,0,0,2
1545656,2026-09-26,NL,FYR Macedonia,Switzerland,0,5,4,0,0,0,2
1528896,2026-09-27,NL,Serbia,Netherlands,3,4,1,1,0,0,2
1637602,2026-09-27,FRIENDLY,Bolivia,Paraguay,0,0,0,0,0,0,2
1528897,2026-09-27,NL,Denmark,Wales,2,4,1,2,0,0,2
1528895,2026-09-27,NL,Lithuania,Azerbaijan,0,2,1,3,0,0,2
1628996,2026-09-27,FRIENDLY,Mexico,Colombia,2,5,2,2,0,0,2
1528900,2026-09-27,NL,Norway,Portugal,7,2,3,6,0,0,2
1637601,2026-09-27,FRIENDLY,China,New Zealand,3,5,0,1,0,0,2
1640066,2026-09-27,FRIENDLY,Jordan,Syria,0,0,0,0,0,0,2
1528899,2026-09-27,NL,Germany,Greece,8,2,1,4,0,0,2
1628998,2026-09-27,FRIENDLY,Malta,Liechtenstein,0,0,0,0,0,0,2
1528898,2026-09-27,NL,Austria,Kosovo,5,1,2,2,0,0,2
1640064,2026-09-27,FRIENDLY,Seychelles,Sri Lanka,0,0,0,0,0,0,2
1640506,2026-09-27,FRIENDLY,Fiji,Papua New Guinea,0,0,0,0,0,0,0
1528901,2026-09-27,NL,Israel,Rep. Of Ireland,2,4,1,2,0,0,2
1640505,2026-09-27,FRIENDLY,Vanuatu,New Caledonia,0,0,0,0,0,0,0
1640062,2026-09-27,FRIENDLY,Cook Islands,Tahiti,0,0,0,0,0,0,0
1545604,2026-09-27,NL,Gibraltar,Andorra,4,4,2,3,0,0,2
1545843,2026-09-28,AFCONQ,Central African Republic,Burkina Faso,7,5,2,1,0,0,2
1528905,2026-09-28,NL,Türkiye,Italy,6,2,3,0,0,0,2
1528904,2026-09-28,NL,Belgium,France,2,6,3,0,0,0,2
1528907,2026-09-28,NL,Sweden,Poland,4,4,1,3,0,0,2
1545605,2026-09-28,NL,Latvia,Cyprus,4,11,2,4,0,0,2
1528908,2026-09-28,NL,Romania,Bosnia & Herzegovina,4,3,0,2,0,0,2
1628999,2026-09-28,FRIENDLY,South Korea,Uruguay,7,1,0,1,0,0,2
1629000,2026-09-28,FRIENDLY,Japan,Venezuela,1,7,1,3,0,0,2
1638596,2026-09-28,FRIENDLY,Tajikistan,Palestine,0,0,0,0,0,0,2
1545861,2026-09-28,AFCONQ,Zimbabwe,Congo DR,6,1,0,2,0,0,2
1545846,2026-09-28,AFCONQ,Equatorial Guinea,Sierra Leone,2,3,1,1,0,0,2
1528903,2026-09-28,NL,Armenia,Montenegro,2,4,2,2,0,0,2
1528906,2026-09-28,NL,Northern Ireland,Hungary,3,2,4,2,0,0,2
1528902,2026-09-28,NL,Georgia,Ukraine,4,0,2,4,0,0,2
1545840,2026-09-28,AFCONQ,Tunisia,Botswana,11,2,1,3,0,0,2
1640067,2026-09-28,FRIENDLY,Kyrgyzstan,Maldives,0,0,0,0,0,0,2
1545661,2026-09-29,NL,Slovenia,FYR Macedonia,6,3,1,2,0,0,2
1545853,2026-09-29,AFCONQ,Lesotho,Morocco,5,6,0,2,0,0,2
1528910,2026-09-29,NL,Czechia,England,1,6,0,1,1,0,2
1545857,2026-09-29,AFCONQ,Somalia,Ivory Coast,0,9,1,1,0,0,2
1545841,2026-09-29,AFCONQ,Burundi,Algeria,6,2,1,2,0,0,2
1545651,2026-09-29,NL,Scotland,Switzerland,2,6,1,0,1,0,2
1545842,2026-09-29,AFCONQ,Cape Verde Islands,Rwanda,4,3,1,4,0,0,2
1545859,2026-09-29,AFCONQ,Uganda,Libya,2,5,1,3,0,0,2
1528915,2026-09-29,NL,Bulgaria,Estonia,6,6,3,2,0,0,2
1545856,2026-09-29,AFCONQ,Mozambique,Sudan,3,6,2,2,0,0,2
1545845,2026-09-29,AFCONQ,Congo,Cameroon,5,6,2,2,0,0,2
1545839,2026-09-29,AFCONQ,Benin,Mauritania,3,3,1,0,0,0,2
1545844,2026-09-29,AFCONQ,Comoros,Namibia,8,3,1,1,0,0,2
1528912,2026-09-29,NL,Finland,Belarus,8,2,2,2,0,0,2
1632350,2026-09-29,FRIENDLY,Russia,Iran,5,5,1,2,0,0,2
1545860,2026-09-29,AFCONQ,Zambia,Togo,7,5,2,1,0,0,2
1545854,2026-09-29,AFCONQ,Liberia,Mali,3,8,2,1,0,0,2
1528914,2026-09-29,NL,Moldova,Faroe Islands,7,2,0,1,0,0,2
1545855,2026-09-29,AFCONQ,Madagascar,Tanzania,3,0,2,2,0,0,2
1583654,2026-09-29,FRIENDLY,Australia,Brazil,4,6,2,2,0,0,2
1528913,2026-09-29,NL,Slovakia,Kazakhstan,8,1,2,2,0,0,2
1545606,2026-09-29,NL,Luxembourg,Iceland,2,2,2,4,0,0,2
1528909,2026-09-29,NL,Spain,Croatia,6,2,1,4,0,0,2
1528911,2026-09-29,NL,San Marino,Albania,5,6,1,1,0,0,2
1545850,2026-09-29,AFCONQ,Ghana,Gambia,12,2,2,3,0,0,2
1545849,2026-09-29,AFCONQ,Gabon,Niger,3,8,1,2,0,0,2
1545858,2026-09-29,AFCONQ,South Sudan,Egypt,3,4,1,1,0,0,2
1545848,2026-09-29,AFCONQ,Ethiopia,Senegal,5,2,1,4,0,0,2
1545852,2026-09-29,AFCONQ,Guinea-Bissau,Nigeria,4,5,2,1,0,0,2
1640509,2026-09-30,FRIENDLY,Papua New Guinea,Solomon Islands,8,3,5,1,0,0,2
1610878,2026-09-30,FRIENDLY,Lithuania,Andorra,0,0,0,0,0,0,0
1640070,2026-09-30,FRIENDLY,Seychelles,Sri Lanka,0,1,0,0,0,0,2
1545847,2026-09-30,AFCONQ,Eritrea,South Africa,6,8,0,1,0,0,2
1640510,2026-09-30,FRIENDLY,Fiji,New Caledonia,3,0,1,0,0,0,2
1629002,2026-09-30,FRIENDLY,USA,Chile,5,13,1,2,0,0,2
1643190,2026-09-30,FRIENDLY,Konyaspor,Palestine,0,0,0,0,0,0,0
1629001,2026-09-30,FRIENDLY,Mexico,Peru,3,2,0,4,0,0,2
1528920,2026-10-01,NL,Wales,Norway,3,3,3,1,0,1,2
1528918,2026-10-01,NL,Greece,Netherlands,6,8,2,0,0,0,2
1640073,2026-10-01,FRIENDLY,Maldives,Lebanon,0,0,0,0,0,0,0
1640512,2026-10-01,FRIENDLY,Uzbekistan,Syria,0,0,0,0,0,0,0
1528919,2026-10-01,NL,Denmark,Portugal,3,7,1,1,0,0,2
1528916,2026-10-01,NL,Azerbaijan,Liechtenstein,6,0,2,3,0,0,2
1528921,2026-10-01,NL,Rep. Of Ireland,Austria,3,5,2,1,0,0,2
1545851,2026-10-01,AFCONQ,Guinea,Kenya,5,2,1,1,0,0,2
1640511,2026-10-01,FRIENDLY,Argentina,Bolivia,0,0,0,0,0,0,0
1640071,2026-10-01,FRIENDLY,Cook Islands,Tahiti,0,0,0,0,0,0,0
1528922,2026-10-01,NL,Israel,Kosovo,4,5,0,0,0,0,2
1545607,2026-10-01,NL,Malta,Gibraltar,8,1,3,1,0,0,2
1528917,2026-10-01,NL,Germany,Serbia,12,1,0,2,0,0,2
1642994,2026-10-02,FRIENDLY,Mauritius,Sri Lanka,0,0,0,0,0,0,2
1528929,2026-10-02,NL,Bosnia & Herzegovina,Sweden,4,0,0,0,0,0,2
1528930,2026-10-02,NL,Cyprus,Armenia,1,11,0,2,1,0,2
1528927,2026-10-02,NL,Ukraine,Northern Ireland,7,1,3,1,0,0,2
1528928,2026-10-02,NL,Poland,Romania,7,1,2,3,0,1,2
1528926,2026-10-02,NL,Hungary,Georgia,8,4,3,2,0,0,2
1528924,2026-10-02,NL,France,Italy,6,4,0,4,1,0,2
1528931,2026-10-02,NL,Faroe Islands,Slovakia,2,10,3,0,0,0,2
1640074,2026-10-02,FRIENDLY,Congo DR,Uganda,0,0,0,0,0,0,2
1528925,2026-10-02,NL,Belgium,Türkiye,2,5,4,3,0,0,2
1545608,2026-10-02,NL,Latvia,Montenegro,5,2,1,1,0,0,2
1629003,2026-10-02,FRIENDLY,South Korea,Venezuela,3,1,3,1,0,0,2
1637598,2026-10-02,FRIENDLY,China,Palestine,1,4,1,1,0,0,2
1528923,2026-10-02,NL,Kazakhstan,Moldova,11,4,2,0,0,0,2
1632355,2026-10-03,FRIENDLY,India,Brazil,6,8,0,0,0,0,2
1528936,2026-10-03,NL,Spain,Czechia,5,0,1,4,0,1,2
1610879,2026-10-03,FRIENDLY,Canada,Peru,6,5,1,2,0,0,2
1528934,2026-10-03,NL,Belarus,San Marino,6,4,3,5,0,0,2
1545609,2026-10-03,NL,Estonia,Luxembourg,7,3,3,6,0,0,2
1528935,2026-10-03,NL,Iceland,Bulgaria,9,1,2,4,0,0,2
1545653,2026-10-03,NL,Switzerland,Slovenia,4,3,1,5,0,0,2
1638597,2026-10-03,FRIENDLY,Colombia,Paraguay,3,1,2,3,0,0,2
1640076,2026-10-03,FRIENDLY,Russia,Namibia,0,0,0,0,0,0,0
1528932,2026-10-03,NL,Finland,Albania,7,6,1,4,0,1,2
1640077,2026-10-03,FRIENDLY,Ivory Coast,Cameroon,0,0,0,0,0,0,2
1528933,2026-10-03,NL,Croatia,England,1,6,1,0,0,0,2
1545660,2026-10-03,NL,FYR Macedonia,Scotland,1,9,5,1,0,1,2
1640830,2026-10-04,FRIENDLY,Comoros,Senegal,0,0,0,0,0,0,2
1528941,2026-10-04,NL,Portugal,Norway,6,4,2,0,1,0,2
1528939,2026-10-04,NL,Greece,Germany,2,3,3,3,0,0,2
1528940,2026-10-04,NL,Netherlands,Serbia,6,4,1,4,0,0,2
1528942,2026-10-04,NL,Wales,Denmark,3,3,3,1,0,0,2
1629004,2026-10-04,FRIENDLY,USA,Mexico,2,3,2,1,0,1,2
1545610,2026-10-04,NL,Malta,Andorra,6,5,2,3,0,0,2
1528938,2026-10-04,NL,Kosovo,Austria,3,5,1,0,0,0,2
1528937,2026-10-04,NL,Azerbaijan,Lithuania,2,5,3,3,0,1,2
1640514,2026-10-04,FRIENDLY,Argentina,Burkina Faso,7,1,0,1,0,0,2
1640507,2026-10-04,FRIENDLY,Kyrgyzstan,Lebanon,0,0,0,0,0,0,2
1638601,2026-10-04,FRIENDLY,Egypt,South Africa,8,1,2,4,0,0,2
1528943,2026-10-04,NL,Rep. Of Ireland,Israel,3,3,1,3,0,0,2
1610880,2026-10-05,FRIENDLY,Liechtenstein,Gibraltar,1,4,5,3,0,0,2
1528947,2026-10-05,NL,Northern Ireland,Georgia,8,4,0,4,0,0,2
1528945,2026-10-05,NL,Italy,Türkiye,3,9,2,2,0,0,2
1528946,2026-10-05,NL,Ukraine,Hungary,5,4,1,2,0,0,2
1640078,2026-10-05,FRIENDLY,Uganda,Congo DR,0,0,0,0,0,0,2
1638602,2026-10-05,FRIENDLY,Mauritius,Sri Lanka,0,0,0,0,0,0,2
1545611,2026-10-05,NL,Cyprus,Latvia,7,3,2,3,0,0,2
1528944,2026-10-05,NL,France,Belgium,9,2,1,2,0,0,2
1528948,2026-10-05,NL,Bosnia & Herzegovina,Poland,2,8,3,3,0,0,2
1528949,2026-10-05,NL,Romania,Sweden,5,4,4,2,0,0,2
1528950,2026-10-05,NL,Montenegro,Armenia,4,2,1,2,1,0,2
1640080,2026-10-06,FRIENDLY,Russia,Nigeria,7,3,2,2,0,0,2
1638604,2026-10-06,FRIENDLY,India,Uruguay,6,6,0,1,0,0,2
1640082,2026-10-06,FRIENDLY,Algeria,Niger,0,0,0,0,0,0,2
1629005,2026-10-06,FRIENDLY,South Korea,Uzbekistan,2,5,0,1,0,0,2
1638603,2026-10-06,FRIENDLY,China,Tajikistan,3,3,4,4,1,0,2
1528951,2026-10-06,NL,Kazakhstan,Faroe Islands,5,8,1,1,1,1,2
1640081,2026-10-06,FRIENDLY,Jordan,Venezuela,0,0,0,0,0,0,2
